Date,Asset,Close,Volume
2025-03-05,Brent Crude Oil,69.30000305175781,51721
2025-03-06,Brent Crude Oil,69.45999908447266,49024
2025-03-07,Brent Crude Oil,70.36000061035156,46468
2025-03-10,Brent Crude Oil,69.27999877929688,33488
2025-03-11,Brent Crude Oil,69.55999755859375,26933
2025-03-12,Brent Crude Oil,70.94999694824219,30577
2025-03-13,Brent Crude Oil,69.87999725341797,33450
2025-03-14,Brent Crude Oil,70.58000183105469,24740
2025-03-17,Brent Crude Oil,71.06999969482422,29314
2025-03-18,Brent Crude Oil,70.55999755859375,32008
2025-03-19,Brent Crude Oil,70.77999877929688,26898
2025-03-20,Brent Crude Oil,72.0,33049
2025-03-21,Brent Crude Oil,72.16000366210938,23983
2025-03-24,Brent Crude Oil,73.0,31456
2025-03-25,Brent Crude Oil,73.0199966430664,30415
2025-03-26,Brent Crude Oil,73.79000091552734,27419
2025-03-27,Brent Crude Oil,74.02999877929688,19183
2025-03-28,Brent Crude Oil,73.62999725341797,12292
2025-03-31,Brent Crude Oil,74.73999786376953,53426
2025-04-01,Brent Crude Oil,74.48999786376953,54055
2025-04-02,Brent Crude Oil,74.94999694824219,61062
2025-04-03,Brent Crude Oil,70.13999938964844,100212
2025-04-04,Brent Crude Oil,65.58000183105469,121211
2025-04-07,Brent Crude Oil,64.20999908447266,114411
2025-04-08,Brent Crude Oil,62.81999969482422,89690
2025-04-09,Brent Crude Oil,65.4800033569336,127044
2025-04-10,Brent Crude Oil,63.33000183105469,78111
2025-04-11,Brent Crude Oil,64.76000213623047,58543
2025-04-14,Brent Crude Oil,64.87999725341797,43786
2025-04-15,Brent Crude Oil,64.66999816894531,40096
2025-04-16,Brent Crude Oil,65.8499984741211,50308
2025-04-17,Brent Crude Oil,67.95999908447266,39781
2025-04-21,Brent Crude Oil,66.26000213623047,38512
2025-04-22,Brent Crude Oil,67.44000244140625,46152
2025-04-23,Brent Crude Oil,66.12000274658203,58914
2025-04-24,Brent Crude Oil,66.55000305175781,36169
2025-04-25,Brent Crude Oil,66.87000274658203,30729
2025-04-28,Brent Crude Oil,65.86000061035156,21525
2025-04-29,Brent Crude Oil,64.25,17528
2025-04-30,Brent Crude Oil,63.119998931884766,79025
2025-05-01,Brent Crude Oil,62.130001068115234,66984
2025-05-02,Brent Crude Oil,61.290000915527344,58444
2025-05-05,Brent Crude Oil,60.22999954223633,49504
2025-05-06,Brent Crude Oil,62.150001525878906,63444
2025-05-07,Brent Crude Oil,61.119998931884766,60579
2025-05-08,Brent Crude Oil,62.84000015258789,56931
2025-05-09,Brent Crude Oil,63.90999984741211,51994
2025-05-12,Brent Crude Oil,64.95999908447266,62946
2025-05-13,Brent Crude Oil,66.62999725341797,55567
2025-05-14,Brent Crude Oil,66.08999633789062,49980
2025-05-15,Brent Crude Oil,64.52999877929688,70642
2025-05-16,Brent Crude Oil,65.41000366210938,38629
2025-05-19,Brent Crude Oil,65.54000091552734,43539
2025-05-20,Brent Crude Oil,65.37999725341797,42663
2025-05-21,Brent Crude Oil,64.91000366210938,58658
2025-05-22,Brent Crude Oil,64.44000244140625,45811
2025-05-23,Brent Crude Oil,64.77999877929688,29810
2025-05-27,Brent Crude Oil,64.08999633789062,34117
2025-05-28,Brent Crude Oil,64.9000015258789,17817
2025-05-29,Brent Crude Oil,64.1500015258789,10456
2025-05-30,Brent Crude Oil,63.900001525878906,63546
2025-06-02,Brent Crude Oil,64.62999725341797,57349
2025-06-03,Brent Crude Oil,65.62999725341797,43536
2025-06-04,Brent Crude Oil,64.86000061035156,56182
2025-06-05,Brent Crude Oil,65.33999633789062,38658
2025-06-06,Brent Crude Oil,66.47000122070312,39490
2025-06-09,Brent Crude Oil,67.04000091552734,35213
2025-06-10,Brent Crude Oil,66.87000274658203,40266
2025-06-11,Brent Crude Oil,69.7699966430664,58118
2025-06-12,Brent Crude Oil,69.36000061035156,60336
2025-06-13,Brent Crude Oil,74.2300033569336,175031
2025-06-16,Brent Crude Oil,73.2300033569336,100509
2025-06-17,Brent Crude Oil,76.44999694824219,88748
2025-06-18,Brent Crude Oil,76.69999694824219,0
2025-06-20,Brent Crude Oil,77.01000213623047,98821
2025-06-23,Brent Crude Oil,71.4800033569336,100475
2025-06-24,Brent Crude Oil,67.13999938964844,62358
2025-06-25,Brent Crude Oil,67.68000030517578,23618
2025-06-26,Brent Crude Oil,67.7300033569336,13057
2025-06-27,Brent Crude Oil,67.7699966430664,8218
2025-06-30,Brent Crude Oil,67.61000061035156,32957
2025-07-01,Brent Crude Oil,67.11000061035156,29256
2025-07-02,Brent Crude Oil,69.11000061035156,50268
2025-07-03,Brent Crude Oil,68.80000305175781,0
2025-07-04,Brent Crude Oil,68.29000091552734,0
2025-07-07,Brent Crude Oil,69.58000183105469,59456
2025-07-08,Brent Crude Oil,70.1500015258789,34109
2025-07-09,Brent Crude Oil,70.19000244140625,42186
2025-07-10,Brent Crude Oil,68.63999938964844,52295
2025-07-11,Brent Crude Oil,70.36000061035156,40262
2025-07-14,Brent Crude Oil,69.20999908447266,62179
2025-07-15,Brent Crude Oil,68.70999908447266,51233
2025-07-16,Brent Crude Oil,68.5199966430664,55511
2025-07-17,Brent Crude Oil,69.5199966430664,50817
2025-07-18,Brent Crude Oil,69.27999877929688,52366
2025-07-21,Brent Crude Oil,69.20999908447266,41204
2025-07-22,Brent Crude Oil,68.58999633789062,50140
2025-07-23,Brent Crude Oil,68.51000213623047,37734
2025-07-24,Brent Crude Oil,69.18000030517578,39597
2025-07-25,Brent Crude Oil,68.44000244140625,27384
2025-07-28,Brent Crude Oil,70.04000091552734,31485
2025-07-29,Brent Crude Oil,72.51000213623047,24345
2025-07-30,Brent Crude Oil,73.23999786376953,15242
2025-07-31,Brent Crude Oil,72.52999877929688,56020
2025-08-01,Brent Crude Oil,69.66999816894531,68855
2025-08-04,Brent Crude Oil,68.76000213623047,41788
2025-08-05,Brent Crude Oil,67.63999938964844,47388
2025-08-06,Brent Crude Oil,66.88999938964844,62159
2025-08-07,Brent Crude Oil,66.43000030517578,44063
2025-08-08,Brent Crude Oil,66.58999633789062,52157
2025-08-11,Brent Crude Oil,66.62999725341797,31132
2025-08-12,Brent Crude Oil,66.12000274658203,33110
2025-08-13,Brent Crude Oil,65.62999725341797,40497
2025-08-14,Brent Crude Oil,66.83999633789062,34810
2025-08-15,Brent Crude Oil,65.8499984741211,35864
2025-08-18,Brent Crude Oil,66.5999984741211,35004
2025-08-19,Brent Crude Oil,65.79000091552734,32562
2025-08-20,Brent Crude Oil,66.83999633789062,39505
2025-08-21,Brent Crude Oil,67.66999816894531,29950
2025-08-22,Brent Crude Oil,67.7300033569336,27481
2025-08-25,Brent Crude Oil,68.80000305175781,19094
2025-08-26,Brent Crude Oil,67.22000122070312,21046
2025-08-27,Brent Crude Oil,68.05000305175781,16597
2025-08-28,Brent Crude Oil,68.62000274658203,8829
2025-08-29,Brent Crude Oil,68.12000274658203,0
2025-09-02,Brent Crude Oil,69.13999938964844,55307
2025-09-03,Brent Crude Oil,67.5999984741211,45108
2025-09-04,Brent Crude Oil,66.98999786376953,42152
2025-09-05,Brent Crude Oil,65.5,38287
2025-09-08,Brent Crude Oil,66.0199966430664,29078
2025-09-09,Brent Crude Oil,66.38999938964844,38860
2025-09-10,Brent Crude Oil,67.48999786376953,38789
2025-09-11,Brent Crude Oil,66.37000274658203,34565
2025-09-12,Brent Crude Oil,66.98999786376953,50762
2025-09-15,Brent Crude Oil,67.44000244140625,26320
2025-09-16,Brent Crude Oil,68.47000122070312,34128
2025-09-17,Brent Crude Oil,67.94999694824219,30515
2025-09-18,Brent Crude Oil,67.44000244140625,29610
2025-09-19,Brent Crude Oil,66.68000030517578,24400
2025-09-22,Brent Crude Oil,66.56999969482422,23634
2025-09-23,Brent Crude Oil,67.62999725341797,27893
2025-09-24,Brent Crude Oil,69.30999755859375,28459
2025-09-25,Brent Crude Oil,69.41999816894531,21388
2025-09-26,Brent Crude Oil,70.12999725341797,11917
2025-09-29,Brent Crude Oil,67.97000122070312,8229
2025-09-30,Brent Crude Oil,67.0199966430664,46335
2025-10-01,Brent Crude Oil,65.3499984741211,44601
2025-10-02,Brent Crude Oil,64.11000061035156,52074
2025-10-03,Brent Crude Oil,64.52999877929688,38970
2025-10-06,Brent Crude Oil,65.47000122070312,38055
2025-10-07,Brent Crude Oil,65.44999694824219,36191
2025-10-08,Brent Crude Oil,66.25,38630
2025-10-09,Brent Crude Oil,65.22000122070312,40845
2025-10-10,Brent Crude Oil,62.72999954223633,54929
2025-10-13,Brent Crude Oil,63.31999969482422,35368
2025-10-14,Brent Crude Oil,62.38999938964844,44016
2025-10-15,Brent Crude Oil,61.90999984741211,40209
2025-10-16,Brent Crude Oil,61.060001373291016,46229
2025-10-17,Brent Crude Oil,61.290000915527344,50372
2025-10-20,Brent Crude Oil,61.0099983215332,33883
2025-10-21,Brent Crude Oil,61.31999969482422,45150
2025-10-22,Brent Crude Oil,62.59000015258789,46114
2025-10-23,Brent Crude Oil,65.98999786376953,87705
2025-10-24,Brent Crude Oil,65.94000244140625,38354
2025-10-27,Brent Crude Oil,65.62000274658203,32237
2025-10-28,Brent Crude Oil,64.4000015258789,33807
2025-10-29,Brent Crude Oil,64.91999816894531,16478
2025-10-30,Brent Crude Oil,65.0,10024
2025-10-31,Brent Crude Oil,65.06999969482422,44972
2025-11-03,Brent Crude Oil,64.88999938964844,0
2025-11-04,Brent Crude Oil,64.44000244140625,36655
2025-11-05,Brent Crude Oil,63.52000045776367,42320
2025-11-06,Brent Crude Oil,63.380001068115234,43138
2025-11-07,Brent Crude Oil,63.630001068115234,36620
2025-11-10,Brent Crude Oil,64.05999755859375,30891
2025-11-11,Brent Crude Oil,65.16000366210938,41959
2025-11-12,Brent Crude Oil,62.709999084472656,42279
2025-11-13,Brent Crude Oil,63.0099983215332,36603
2025-11-14,Brent Crude Oil,64.38999938964844,58912
2025-11-17,Brent Crude Oil,64.19999694824219,33667
2025-11-18,Brent Crude Oil,64.88999938964844,36791
2025-11-19,Brent Crude Oil,63.5099983215332,38776
2025-11-20,Brent Crude Oil,63.380001068115234,42345
2025-11-21,Brent Crude Oil,62.560001373291016,43029
2025-11-24,Brent Crude Oil,63.369998931884766,30888
2025-11-25,Brent Crude Oil,62.47999954223633,26580
2025-11-26,Brent Crude Oil,63.130001068115234,21288
2025-11-28,Brent Crude Oil,63.20000076293945,31795
2025-12-01,Brent Crude Oil,63.16999816894531,31203
2025-12-02,Brent Crude Oil,62.45000076293945,39539
2025-12-03,Brent Crude Oil,62.66999816894531,40622
2025-12-04,Brent Crude Oil,63.2599983215332,32164
2025-12-05,Brent Crude Oil,63.75,26349
2025-12-08,Brent Crude Oil,62.4900016784668,38815
2025-12-09,Brent Crude Oil,61.939998626708984,32575
2025-12-10,Brent Crude Oil,62.209999084472656,45191
2025-12-11,Brent Crude Oil,61.279998779296875,48635
2025-12-12,Brent Crude Oil,61.119998931884766,42931
2025-12-15,Brent Crude Oil,60.560001373291016,42976
2025-12-16,Brent Crude Oil,58.91999816894531,48212
2025-12-17,Brent Crude Oil,59.68000030517578,50078
2025-12-18,Brent Crude Oil,59.81999969482422,31064
2025-12-19,Brent Crude Oil,60.470001220703125,36104
2025-12-22,Brent Crude Oil,62.06999969482422,35138
2025-12-23,Brent Crude Oil,62.380001068115234,26231
2025-12-24,Brent Crude Oil,62.2400016784668,14966
2025-12-26,Brent Crude Oil,60.63999938964844,9687
2025-12-29,Brent Crude Oil,61.939998626708984,9170
2025-12-30,Brent Crude Oil,61.91999816894531,30567
2025-12-31,Brent Crude Oil,60.849998474121094,30919
2026-01-02,Brent Crude Oil,60.75,33381
2026-01-05,Brent Crude Oil,61.7599983215332,45681
2026-01-06,Brent Crude Oil,60.70000076293945,48263
2026-01-07,Brent Crude Oil,59.959999084472656,71788
2026-01-08,Brent Crude Oil,61.9900016784668,64136
2026-01-09,Brent Crude Oil,63.34000015258789,56568
2026-01-12,Brent Crude Oil,63.869998931884766,56900
2026-01-13,Brent Crude Oil,65.47000122070312,80180
2026-01-14,Brent Crude Oil,66.5199966430664,96568
2026-01-15,Brent Crude Oil,63.7599983215332,54944
2026-01-16,Brent Crude Oil,64.12999725341797,35235
2026-01-20,Brent Crude Oil,64.91999816894531,78657
2026-01-21,Brent Crude Oil,65.23999786376953,52906
2026-01-22,Brent Crude Oil,64.05999755859375,49453
2026-01-23,Brent Crude Oil,65.87999725341797,34015
2026-01-26,Brent Crude Oil,65.58999633789062,25795
2026-01-27,Brent Crude Oil,67.56999969482422,34327
2026-01-28,Brent Crude Oil,68.4000015258789,23555
2026-01-29,Brent Crude Oil,70.70999908447266,26980
2026-01-30,Brent Crude Oil,70.69000244140625,85305
2026-02-02,Brent Crude Oil,66.30000305175781,80104
2026-02-03,Brent Crude Oil,67.33000183105469,83736
2026-02-04,Brent Crude Oil,69.45999908447266,98236
2026-02-05,Brent Crude Oil,67.55000305175781,65248
2026-02-06,Brent Crude Oil,68.05000305175781,79538
2026-02-09,Brent Crude Oil,69.04000091552734,51346
2026-02-10,Brent Crude Oil,68.80000305175781,45779
2026-02-11,Brent Crude Oil,69.4000015258789,49482
2026-02-12,Brent Crude Oil,67.5199966430664,48058
2026-02-13,Brent Crude Oil,67.75,42167
2026-02-17,Brent Crude Oil,67.41999816894531,74745
2026-02-18,Brent Crude Oil,70.3499984741211,56115
2026-02-19,Brent Crude Oil,71.66000366210938,73081
2026-02-20,Brent Crude Oil,71.76000213623047,40579
2026-02-23,Brent Crude Oil,71.48999786376953,28933
2026-02-24,Brent Crude Oil,70.7699966430664,37988
2026-02-25,Brent Crude Oil,70.8499984741211,18491
2026-02-26,Brent Crude Oil,70.75,17725
2026-02-27,Brent Crude Oil,72.4800033569336,79435
2026-03-02,Brent Crude Oil,77.73999786376953,143671
2026-03-03,Brent Crude Oil,81.4000015258789,143671
2026-03-04,Brent Crude Oil,81.37999725341797,113034
2025-03-05,WTI Crude Oil,66.30999755859375,382493
2025-03-06,WTI Crude Oil,66.36000061035156,341632
2025-03-07,WTI Crude Oil,67.04000091552734,329710
2025-03-10,WTI Crude Oil,66.02999877929688,249633
2025-03-11,WTI Crude Oil,66.25,222511
2025-03-12,WTI Crude Oil,67.68000030517578,246675
2025-03-13,WTI Crude Oil,66.55000305175781,268590
2025-03-14,WTI Crude Oil,67.18000030517578,180495
2025-03-17,WTI Crude Oil,67.58000183105469,161298
2025-03-18,WTI Crude Oil,66.9000015258789,110338
2025-03-19,WTI Crude Oil,67.16000366210938,73077
2025-03-20,WTI Crude Oil,68.26000213623047,283376
2025-03-21,WTI Crude Oil,68.27999877929688,198964
2025-03-24,WTI Crude Oil,69.11000061035156,247024
2025-03-25,WTI Crude Oil,69.0,258411
2025-03-26,WTI Crude Oil,69.6500015258789,262413
2025-03-27,WTI Crude Oil,69.91999816894531,211825
2025-03-28,WTI Crude Oil,69.36000061035156,246650
2025-03-31,WTI Crude Oil,71.4800033569336,313087
2025-04-01,WTI Crude Oil,71.19999694824219,272832
2025-04-02,WTI Crude Oil,71.70999908447266,286501
2025-04-03,WTI Crude Oil,66.94999694824219,459238
2025-04-04,WTI Crude Oil,61.9900016784668,559638
2025-04-07,WTI Crude Oil,60.70000076293945,597617
2025-04-08,WTI Crude Oil,59.58000183105469,557655
2025-04-09,WTI Crude Oil,62.349998474121094,592250
2025-04-10,WTI Crude Oil,60.06999969482422,391826
2025-04-11,WTI Crude Oil,61.5,306231
2025-04-14,WTI Crude Oil,61.529998779296875,238068
2025-04-15,WTI Crude Oil,61.33000183105469,197404
2025-04-16,WTI Crude Oil,62.470001220703125,213194
2025-04-17,WTI Crude Oil,64.68000030517578,111479
2025-04-21,WTI Crude Oil,63.08000183105469,82671
2025-04-22,WTI Crude Oil,64.30999755859375,297928
2025-04-23,WTI Crude Oil,62.27000045776367,397841
2025-04-24,WTI Crude Oil,62.790000915527344,264908
2025-04-25,WTI Crude Oil,63.02000045776367,283758
2025-04-28,WTI Crude Oil,62.04999923706055,276116
2025-04-29,WTI Crude Oil,60.41999816894531,312373
2025-04-30,WTI Crude Oil,58.209999084472656,419549
2025-05-01,WTI Crude Oil,59.2400016784668,364216
2025-05-02,WTI Crude Oil,58.290000915527344,322096
2025-05-05,WTI Crude Oil,57.130001068115234,308387
2025-05-06,WTI Crude Oil,59.09000015258789,343893
2025-05-07,WTI Crude Oil,58.06999969482422,295238
2025-05-08,WTI Crude Oil,59.90999984741211,281000
2025-05-09,WTI Crude Oil,61.02000045776367,239640
2025-05-12,WTI Crude Oil,61.95000076293945,325865
2025-05-13,WTI Crude Oil,63.66999816894531,258795
2025-05-14,WTI Crude Oil,63.150001525878906,225626
2025-05-15,WTI Crude Oil,61.619998931884766,258404
2025-05-16,WTI Crude Oil,62.4900016784668,121556
2025-05-19,WTI Crude Oil,62.689998626708984,95570
2025-05-20,WTI Crude Oil,62.560001373291016,250414
2025-05-21,WTI Crude Oil,61.56999969482422,302702
2025-05-22,WTI Crude Oil,61.20000076293945,258549
2025-05-23,WTI Crude Oil,61.529998779296875,273392
2025-05-27,WTI Crude Oil,60.88999938964844,291317
2025-05-28,WTI Crude Oil,61.84000015258789,260374
2025-05-29,WTI Crude Oil,60.939998626708984,299859
2025-05-30,WTI Crude Oil,60.790000915527344,384927
2025-06-02,WTI Crude Oil,62.52000045776367,403580
2025-06-03,WTI Crude Oil,63.40999984741211,291260
2025-06-04,WTI Crude Oil,62.849998474121094,321128
2025-06-05,WTI Crude Oil,63.369998931884766,232423
2025-06-06,WTI Crude Oil,64.58000183105469,310133
2025-06-09,WTI Crude Oil,65.29000091552734,235900
2025-06-10,WTI Crude Oil,64.9800033569336,279021
2025-06-11,WTI Crude Oil,68.1500015258789,378473
2025-06-12,WTI Crude Oil,68.04000091552734,379394
2025-06-13,WTI Crude Oil,72.9800033569336,715652
2025-06-16,WTI Crude Oil,71.7699966430664,367312
2025-06-17,WTI Crude Oil,74.83999633789062,154264
2025-06-18,WTI Crude Oil,75.13999938964844,0
2025-06-20,WTI Crude Oil,74.93000030517578,678377
2025-06-23,WTI Crude Oil,68.51000213623047,728868
2025-06-24,WTI Crude Oil,64.37000274658203,541475
2025-06-25,WTI Crude Oil,64.91999816894531,278504
2025-06-26,WTI Crude Oil,65.23999786376953,233771
2025-06-27,WTI Crude Oil,65.5199966430664,236284
2025-06-30,WTI Crude Oil,65.11000061035156,193289
2025-07-01,WTI Crude Oil,65.44999694824219,193162
2025-07-02,WTI Crude Oil,67.44999694824219,265200
2025-07-03,WTI Crude Oil,67.0,0
2025-07-04,WTI Crude Oil,66.5,0
2025-07-07,WTI Crude Oil,67.93000030517578,332949
2025-07-08,WTI Crude Oil,68.33000183105469,219882
2025-07-09,WTI Crude Oil,68.37999725341797,223945
2025-07-10,WTI Crude Oil,66.56999969482422,258654
2025-07-11,WTI Crude Oil,68.44999694824219,226297
2025-07-14,WTI Crude Oil,66.9800033569336,263877
2025-07-15,WTI Crude Oil,66.5199966430664,252724
2025-07-16,WTI Crude Oil,66.37999725341797,248346
2025-07-17,WTI Crude Oil,67.54000091552734,188802
2025-07-18,WTI Crude Oil,67.33999633789062,107628
2025-07-21,WTI Crude Oil,67.19999694824219,81194
2025-07-22,WTI Crude Oil,66.20999908447266,269991
2025-07-23,WTI Crude Oil,65.25,251825
2025-07-24,WTI Crude Oil,66.02999877929688,281209
2025-07-25,WTI Crude Oil,65.16000366210938,234283
2025-07-28,WTI Crude Oil,66.70999908447266,262038
2025-07-29,WTI Crude Oil,69.20999908447266,329112
2025-07-30,WTI Crude Oil,70.0,345336
2025-07-31,WTI Crude Oil,69.26000213623047,247031
2025-08-01,WTI Crude Oil,67.33000183105469,355819
2025-08-04,WTI Crude Oil,66.29000091552734,277375
2025-08-05,WTI Crude Oil,65.16000366210938,279030
2025-08-06,WTI Crude Oil,64.3499984741211,353827
2025-08-07,WTI Crude Oil,63.880001068115234,300518
2025-08-08,WTI Crude Oil,63.880001068115234,322939
2025-08-11,WTI Crude Oil,63.959999084472656,234807
2025-08-12,WTI Crude Oil,63.16999816894531,304441
2025-08-13,WTI Crude Oil,62.650001525878906,298939
2025-08-14,WTI Crude Oil,63.959999084472656,251652
2025-08-15,WTI Crude Oil,62.79999923706055,197390
2025-08-18,WTI Crude Oil,63.41999816894531,95113
2025-08-19,WTI Crude Oil,62.349998474121094,99484
2025-08-20,WTI Crude Oil,63.209999084472656,280663
2025-08-21,WTI Crude Oil,63.52000045776367,250166
2025-08-22,WTI Crude Oil,63.65999984741211,223169
2025-08-25,WTI Crude Oil,64.80000305175781,185270
2025-08-26,WTI Crude Oil,63.25,199101
2025-08-27,WTI Crude Oil,64.1500015258789,193476
2025-08-28,WTI Crude Oil,64.5999984741211,208931
2025-08-29,WTI Crude Oil,64.01000213623047,0
2025-09-02,WTI Crude Oil,65.58999633789062,320218
2025-09-03,WTI Crude Oil,63.970001220703125,298737
2025-09-04,WTI Crude Oil,63.47999954223633,251689
2025-09-05,WTI Crude Oil,61.869998931884766,294540
2025-09-08,WTI Crude Oil,62.2599983215332,237288
2025-09-09,WTI Crude Oil,62.630001068115234,268529
2025-09-10,WTI Crude Oil,63.66999816894531,260684
2025-09-11,WTI Crude Oil,62.369998931884766,222661
2025-09-12,WTI Crude Oil,62.689998626708984,313265
2025-09-15,WTI Crude Oil,63.29999923706055,205560
2025-09-16,WTI Crude Oil,64.5199966430664,234250
2025-09-17,WTI Crude Oil,64.05000305175781,165427
2025-09-18,WTI Crude Oil,63.56999969482422,82321
2025-09-19,WTI Crude Oil,62.68000030517578,87165
2025-09-22,WTI Crude Oil,62.63999938964844,223779
2025-09-23,WTI Crude Oil,63.40999984741211,265948
2025-09-24,WTI Crude Oil,64.98999786376953,282721
2025-09-25,WTI Crude Oil,64.9800033569336,258353
2025-09-26,WTI Crude Oil,65.72000122070312,284990
2025-09-29,WTI Crude Oil,63.45000076293945,294292
2025-09-30,WTI Crude Oil,62.369998931884766,271649
2025-10-01,WTI Crude Oil,61.779998779296875,274339
2025-10-02,WTI Crude Oil,60.47999954223633,290507
2025-10-03,WTI Crude Oil,60.880001068115234,240044
2025-10-06,WTI Crude Oil,61.689998626708984,224682
2025-10-07,WTI Crude Oil,61.72999954223633,245121
2025-10-08,WTI Crude Oil,62.54999923706055,273318
2025-10-09,WTI Crude Oil,61.5099983215332,259171
2025-10-10,WTI Crude Oil,58.900001525878906,339103
2025-10-13,WTI Crude Oil,59.4900016784668,339103
2025-10-14,WTI Crude Oil,58.70000076293945,259200
2025-10-15,WTI Crude Oil,58.27000045776367,224919
2025-10-16,WTI Crude Oil,57.459999084472656,203866
2025-10-17,WTI Crude Oil,57.540000915527344,108748
2025-10-20,WTI Crude Oil,57.52000045776367,108146
2025-10-21,WTI Crude Oil,57.81999969482422,314207
2025-10-22,WTI Crude Oil,58.5,378637
2025-10-23,WTI Crude Oil,61.790000915527344,735186
2025-10-24,WTI Crude Oil,61.5,373744
2025-10-27,WTI Crude Oil,61.310001373291016,272191
2025-10-28,WTI Crude Oil,60.150001525878906,307568
2025-10-29,WTI Crude Oil,60.47999954223633,276875
2025-10-30,WTI Crude Oil,60.56999969482422,247917
2025-10-31,WTI Crude Oil,60.97999954223633,278598
2025-11-03,WTI Crude Oil,61.04999923706055,0
2025-11-04,WTI Crude Oil,60.560001373291016,219300
2025-11-05,WTI Crude Oil,59.599998474121094,292518
2025-11-06,WTI Crude Oil,59.43000030517578,277768
2025-11-07,WTI Crude Oil,59.75,259446
2025-11-10,WTI Crude Oil,60.130001068115234,222879
2025-11-11,WTI Crude Oil,61.040000915527344,264427
2025-11-12,WTI Crude Oil,58.4900016784668,329517
2025-11-13,WTI Crude Oil,58.689998626708984,247349
2025-11-14,WTI Crude Oil,60.09000015258789,334116
2025-11-17,WTI Crude Oil,59.90999984741211,189638
2025-11-18,WTI Crude Oil,60.7400016784668,105325
2025-11-19,WTI Crude Oil,59.439998626708984,79622
2025-11-20,WTI Crude Oil,59.13999938964844,324282
2025-11-21,WTI Crude Oil,58.060001373291016,345014
2025-11-24,WTI Crude Oil,58.84000015258789,238138
2025-11-25,WTI Crude Oil,57.95000076293945,334442
2025-11-26,WTI Crude Oil,58.650001525878906,228285
2025-11-28,WTI Crude Oil,58.54999923706055,153758
2025-12-01,WTI Crude Oil,59.31999969482422,232770
2025-12-02,WTI Crude Oil,58.63999938964844,255513
2025-12-03,WTI Crude Oil,58.95000076293945,260974
2025-12-04,WTI Crude Oil,59.66999816894531,264993
2025-12-05,WTI Crude Oil,60.08000183105469,255075
2025-12-08,WTI Crude Oil,58.880001068115234,263009
2025-12-09,WTI Crude Oil,58.25,260206
2025-12-10,WTI Crude Oil,58.459999084472656,256508
2025-12-11,WTI Crude Oil,57.599998474121094,286808
2025-12-12,WTI Crude Oil,57.439998626708984,212806
2025-12-15,WTI Crude Oil,56.81999969482422,229310
2025-12-16,WTI Crude Oil,55.27000045776367,230933
2025-12-17,WTI Crude Oil,55.939998626708984,125608
2025-12-18,WTI Crude Oil,56.150001525878906,85735
2025-12-19,WTI Crude Oil,56.65999984741211,209264
2025-12-22,WTI Crude Oil,58.0099983215332,221576
2025-12-23,WTI Crude Oil,58.380001068115234,183633
2025-12-24,WTI Crude Oil,58.349998474121094,111762
2025-12-26,WTI Crude Oil,56.7400016784668,166669
2025-12-29,WTI Crude Oil,58.08000183105469,178590
2025-12-30,WTI Crude Oil,57.95000076293945,143802
2025-12-31,WTI Crude Oil,57.41999816894531,157160
2026-01-02,WTI Crude Oil,57.31999969482422,189503
2026-01-05,WTI Crude Oil,58.31999969482422,301483
2026-01-06,WTI Crude Oil,57.130001068115234,292067
2026-01-07,WTI Crude Oil,55.9900016784668,383128
2026-01-08,WTI Crude Oil,57.7599983215332,334134
2026-01-09,WTI Crude Oil,59.119998931884766,360309
2026-01-12,WTI Crude Oil,59.5,309700
2026-01-13,WTI Crude Oil,61.150001525878906,411190
2026-01-14,WTI Crude Oil,62.02000045776367,410261
2026-01-15,WTI Crude Oil,59.189998626708984,113642
2026-01-16,WTI Crude Oil,59.439998626708984,113794
2026-01-20,WTI Crude Oil,60.34000015258789,499595
2026-01-21,WTI Crude Oil,60.619998931884766,333062
2026-01-22,WTI Crude Oil,59.36000061035156,324349
2026-01-23,WTI Crude Oil,61.06999969482422,283419
2026-01-26,WTI Crude Oil,60.630001068115234,281062
2026-01-27,WTI Crude Oil,62.38999938964844,360208
2026-01-28,WTI Crude Oil,63.209999084472656,354864
2026-01-29,WTI Crude Oil,65.41999816894531,560007
2026-01-30,WTI Crude Oil,65.20999908447266,449325
2026-02-02,WTI Crude Oil,62.13999938964844,414083
2026-02-03,WTI Crude Oil,63.209999084472656,381144
2026-02-04,WTI Crude Oil,65.13999938964844,446588
2026-02-05,WTI Crude Oil,63.290000915527344,389763
2026-02-06,WTI Crude Oil,63.54999923706055,448924
2026-02-09,WTI Crude Oil,64.36000061035156,298005
2026-02-10,WTI Crude Oil,63.959999084472656,276292
2026-02-11,WTI Crude Oil,64.62999725341797,340194
2026-02-12,WTI Crude Oil,62.84000015258789,369303
2026-02-13,WTI Crude Oil,62.88999938964844,255793
2026-02-17,WTI Crude Oil,62.33000183105469,328727
2026-02-18,WTI Crude Oil,65.19000244140625,115379
2026-02-19,WTI Crude Oil,66.43000030517578,113408
2026-02-20,WTI Crude Oil,66.38999938964844,351351
2026-02-23,WTI Crude Oil,66.30999755859375,270365
2026-02-24,WTI Crude Oil,65.62999725341797,312124
2026-02-25,WTI Crude Oil,65.41999816894531,306780
2026-02-26,WTI Crude Oil,65.20999908447266,498542
2026-02-27,WTI Crude Oil,67.0199966430664,437053
2026-03-02,WTI Crude Oil,71.2300033569336,881329
2026-03-03,WTI Crude Oil,74.55999755859375,881329
2026-03-04,WTI Crude Oil,74.6500015258789,407037
2025-03-05,Gold,2915.300048828125,551
2025-03-06,Gold,2916.60009765625,870
2025-03-07,Gold,2904.699951171875,531
2025-03-10,Gold,2891.0,55
2025-03-11,Gold,2912.89990234375,197
2025-03-12,Gold,2939.10009765625,213
2025-03-13,Gold,2984.300048828125,2366
2025-03-14,Gold,2994.5,1800
2025-03-17,Gold,3000.0,214
2025-03-18,Gold,3035.10009765625,428
2025-03-19,Gold,3035.89990234375,175
2025-03-20,Gold,3040.0,185
2025-03-21,Gold,3018.199951171875,151
2025-03-24,Gold,3013.10009765625,137
2025-03-25,Gold,3023.699951171875,74
2025-03-26,Gold,3020.89990234375,83
2025-03-27,Gold,3060.199951171875,124359
2025-03-28,Gold,3086.5,31206
2025-03-31,Gold,3122.800048828125,3438
2025-04-01,Gold,3118.89990234375,1721
2025-04-02,Gold,3139.89990234375,5946
2025-04-03,Gold,3097.0,5516
2025-04-04,Gold,3012.0,3247
2025-04-07,Gold,2951.300048828125,4424
2025-04-08,Gold,2968.39990234375,3213
2025-04-09,Gold,3056.5,2175
2025-04-10,Gold,3155.199951171875,3456
2025-04-11,Gold,3222.199951171875,862
2025-04-14,Gold,3204.800048828125,263
2025-04-15,Gold,3218.699951171875,390
2025-04-16,Gold,3326.60009765625,1874
2025-04-17,Gold,3308.699951171875,824
2025-04-21,Gold,3406.199951171875,78
2025-04-22,Gold,3400.800048828125,785
2025-04-23,Gold,3276.300048828125,331
2025-04-24,Gold,3332.0,560
2025-04-25,Gold,3282.39990234375,162
2025-04-28,Gold,3332.5,1300
2025-04-29,Gold,3318.800048828125,1278
2025-04-30,Gold,3305.0,207
2025-05-01,Gold,3210.0,2131
2025-05-02,Gold,3231.89990234375,1349
2025-05-05,Gold,3311.300048828125,244
2025-05-06,Gold,3411.39990234375,2357
2025-05-07,Gold,3381.39990234375,1080
2025-05-08,Gold,3296.60009765625,200
2025-05-09,Gold,3335.39990234375,216
2025-05-12,Gold,3220.0,886
2025-05-13,Gold,3240.300048828125,2424
2025-05-14,Gold,3181.39990234375,3518
2025-05-15,Gold,3220.699951171875,652
2025-05-16,Gold,3182.0,199
2025-05-19,Gold,3228.89990234375,266
2025-05-20,Gold,3280.300048828125,356
2025-05-21,Gold,3309.300048828125,979
2025-05-22,Gold,3292.300048828125,1210
2025-05-23,Gold,3363.60009765625,47
2025-05-27,Gold,3299.10009765625,189
2025-05-28,Gold,3293.60009765625,127758
2025-05-29,Gold,3317.10009765625,24370
2025-05-30,Gold,3288.89990234375,2213
2025-06-02,Gold,3370.60009765625,976
2025-06-03,Gold,3350.199951171875,6410
2025-06-04,Gold,3373.5,207
2025-06-05,Gold,3350.699951171875,731
2025-06-06,Gold,3322.699951171875,81
2025-06-09,Gold,3332.10009765625,1887
2025-06-10,Gold,3320.89990234375,65
2025-06-11,Gold,3321.300048828125,2106
2025-06-12,Gold,3380.89990234375,1818
2025-06-13,Gold,3431.199951171875,499
2025-06-16,Gold,3396.39990234375,480
2025-06-17,Gold,3386.60009765625,1477
2025-06-18,Gold,3389.800048828125,0
2025-06-20,Gold,3368.10009765625,709
2025-06-23,Gold,3377.699951171875,30
2025-06-24,Gold,3317.39990234375,538
2025-06-25,Gold,3327.10009765625,373
2025-06-26,Gold,3333.5,2058
2025-06-27,Gold,3273.699951171875,284
2025-06-30,Gold,3294.39990234375,1242
2025-07-01,Gold,3336.699951171875,371
2025-07-02,Gold,3348.0,39
2025-07-03,Gold,3331.60009765625,0
2025-07-04,Gold,3332.5,0
2025-07-07,Gold,3332.199951171875,254
2025-07-08,Gold,3307.0,909
2025-07-09,Gold,3311.60009765625,114
2025-07-10,Gold,3317.39990234375,209
2025-07-11,Gold,3356.0,776
2025-07-14,Gold,3351.5,583
2025-07-15,Gold,3329.800048828125,210
2025-07-16,Gold,3352.5,10
2025-07-17,Gold,3340.10009765625,667
2025-07-18,Gold,3353.0,602
2025-07-21,Gold,3401.89990234375,53
2025-07-22,Gold,3439.199951171875,39
2025-07-23,Gold,3394.10009765625,63
2025-07-24,Gold,3371.0,1175
2025-07-25,Gold,3334.0,67
2025-07-28,Gold,3309.10009765625,533
2025-07-29,Gold,3323.39990234375,113144
2025-07-30,Gold,3295.800048828125,19252
2025-07-31,Gold,3293.199951171875,3704
2025-08-01,Gold,3347.699951171875,3420
2025-08-04,Gold,3374.39990234375,351
2025-08-05,Gold,3381.89990234375,915
2025-08-06,Gold,3380.0,1492
2025-08-07,Gold,3400.300048828125,5464
2025-08-08,Gold,3439.10009765625,7657
2025-08-11,Gold,3353.10009765625,1488
2025-08-12,Gold,3348.89990234375,1611
2025-08-13,Gold,3358.699951171875,1011
2025-08-14,Gold,3335.199951171875,592
2025-08-15,Gold,3336.0,1185
2025-08-18,Gold,3331.699951171875,646
2025-08-19,Gold,3313.39990234375,1655
2025-08-20,Gold,3343.39990234375,1213
2025-08-21,Gold,3336.89990234375,142
2025-08-22,Gold,3374.39990234375,1240
2025-08-25,Gold,3373.800048828125,1044
2025-08-26,Gold,3388.60009765625,905
2025-08-27,Gold,3404.60009765625,3222
2025-08-28,Gold,3431.800048828125,1035
2025-08-29,Gold,3473.699951171875,0
2025-09-02,Gold,3549.39990234375,658
2025-09-03,Gold,3593.199951171875,72
2025-09-04,Gold,3565.800048828125,237
2025-09-05,Gold,3613.199951171875,925
2025-09-08,Gold,3638.10009765625,97
2025-09-09,Gold,3643.300048828125,535
2025-09-10,Gold,3643.60009765625,136
2025-09-11,Gold,3636.89990234375,307
2025-09-12,Gold,3649.39990234375,1300
2025-09-15,Gold,3682.199951171875,210
2025-09-16,Gold,3688.89990234375,373
2025-09-17,Gold,3681.800048828125,183
2025-09-18,Gold,3643.699951171875,80
2025-09-19,Gold,3671.5,211
2025-09-22,Gold,3740.699951171875,410
2025-09-23,Gold,3780.60009765625,627
2025-09-24,Gold,3732.10009765625,588
2025-09-25,Gold,3736.89990234375,1899
2025-09-26,Gold,3775.300048828125,19308
2025-09-29,Gold,3820.89990234375,8860
2025-09-30,Gold,3840.800048828125,1611
2025-10-01,Gold,3867.5,1778
2025-10-02,Gold,3839.699951171875,3418
2025-10-03,Gold,3880.800048828125,392
2025-10-06,Gold,3948.5,1267
2025-10-07,Gold,3976.60009765625,2903
2025-10-08,Gold,4043.300048828125,2179
2025-10-09,Gold,3946.300048828125,3130
2025-10-10,Gold,3975.89990234375,1697
2025-10-13,Gold,4108.60009765625,1697
2025-10-14,Gold,4138.7001953125,2424
2025-10-15,Gold,4176.89990234375,3287
2025-10-16,Gold,4280.2001953125,4705
2025-10-17,Gold,4189.89990234375,4060
2025-10-20,Gold,4336.39990234375,1750
2025-10-21,Gold,4087.699951171875,2943
2025-10-22,Gold,4044.39990234375,1237
2025-10-23,Gold,4125.5,354
2025-10-24,Gold,4118.39990234375,123
2025-10-27,Gold,4001.89990234375,220
2025-10-28,Gold,3966.199951171875,219
2025-10-29,Gold,3983.699951171875,1344
2025-10-30,Gold,4001.300048828125,935
2025-10-31,Gold,3982.199951171875,559
2025-11-03,Gold,4000.300048828125,0
2025-11-04,Gold,3947.699951171875,657
2025-11-05,Gold,3980.300048828125,559
2025-11-06,Gold,3979.89990234375,650
2025-11-07,Gold,3999.39990234375,245
2025-11-10,Gold,4111.7998046875,189
2025-11-11,Gold,4106.7998046875,569
2025-11-12,Gold,4204.39990234375,396
2025-11-13,Gold,4186.89990234375,167
2025-11-14,Gold,4087.60009765625,483
2025-11-17,Gold,4068.300048828125,1552
2025-11-18,Gold,4061.300048828125,1375
2025-11-19,Gold,4077.699951171875,486
2025-11-20,Gold,4056.5,202
2025-11-21,Gold,4076.699951171875,171
2025-11-24,Gold,4091.89990234375,591
2025-11-25,Gold,4139.2001953125,132704
2025-11-26,Gold,4165.2001953125,25088
2025-11-28,Gold,4218.2998046875,3615
2025-12-01,Gold,4239.2998046875,913
2025-12-02,Gold,4186.60009765625,366
2025-12-03,Gold,4199.2998046875,1897
2025-12-04,Gold,4211.7998046875,616
2025-12-05,Gold,4212.89990234375,533
2025-12-08,Gold,4187.2001953125,318
2025-12-09,Gold,4206.7001953125,660
2025-12-10,Gold,4196.39990234375,692
2025-12-11,Gold,4285.5,528
2025-12-12,Gold,4300.10009765625,1531
2025-12-15,Gold,4306.7001953125,854
2025-12-16,Gold,4304.5,1796
2025-12-17,Gold,4347.5,2169
2025-12-18,Gold,4339.5,705
2025-12-19,Gold,4361.39990234375,1065
2025-12-22,Gold,4444.60009765625,449
2025-12-23,Gold,4482.7998046875,694
2025-12-24,Gold,4480.60009765625,500
2025-12-26,Gold,4529.10009765625,263
2025-12-29,Gold,4325.10009765625,2044
2025-12-30,Gold,4370.10009765625,1837
2025-12-31,Gold,4325.60009765625,785
2026-01-02,Gold,4314.39990234375,589
2026-01-05,Gold,4436.89990234375,618
2026-01-06,Gold,4482.2001953125,459
2026-01-07,Gold,4449.2998046875,972
2026-01-08,Gold,4449.7001953125,2423
2026-01-09,Gold,4490.2998046875,237
2026-01-12,Gold,4604.2998046875,156
2026-01-13,Gold,4589.2001953125,239
2026-01-14,Gold,4626.2998046875,1313
2026-01-15,Gold,4616.2998046875,4358
2026-01-16,Gold,4588.39990234375,352
2026-01-20,Gold,4759.60009765625,175
2026-01-21,Gold,4831.7998046875,1706
2026-01-22,Gold,4908.7998046875,1175
2026-01-23,Gold,4976.2001953125,169
2026-01-26,Gold,5079.7001953125,180
2026-01-27,Gold,5079.89990234375,34
2026-01-28,Gold,5301.60009765625,112054
2026-01-29,Gold,5318.39990234375,23709
2026-01-30,Gold,4713.89990234375,8374
2026-02-02,Gold,4622.5,3588
2026-02-03,Gold,4903.7001953125,1213
2026-02-04,Gold,4920.39990234375,3886
2026-02-05,Gold,4861.39990234375,793
2026-02-06,Gold,4951.2001953125,1386
2026-02-09,Gold,5050.89990234375,170
2026-02-10,Gold,5003.7998046875,281
2026-02-11,Gold,5071.60009765625,2681
2026-02-12,Gold,4923.7001953125,484
2026-02-13,Gold,5022.0,232
2026-02-17,Gold,4882.89990234375,540
2026-02-18,Gold,4986.5,544
2026-02-19,Gold,4975.89990234375,37
2026-02-20,Gold,5059.2998046875,134
2026-02-23,Gold,5204.7001953125,779
2026-02-24,Gold,5155.7998046875,88
2026-02-25,Gold,5206.39990234375,1772
2026-02-26,Gold,5176.5,1520
2026-02-27,Gold,5230.5,354
2026-03-02,Gold,5294.39990234375,72
2026-03-03,Gold,5107.39990234375,72
2026-03-04,Gold,5169.7001953125,105607
2025-03-05,S&P 500,5842.6298828125,5285970000
2025-03-06,S&P 500,5738.52001953125,5165080000
2025-03-07,S&P 500,5770.2001953125,5705140000
2025-03-10,S&P 500,5614.56005859375,6409370000
2025-03-11,S&P 500,5572.06982421875,6221240000
2025-03-12,S&P 500,5599.2998046875,5219830000
2025-03-13,S&P 500,5521.52001953125,5018980000
2025-03-14,S&P 500,5638.93994140625,4863180000
2025-03-17,S&P 500,5675.1201171875,5031770000
2025-03-18,S&P 500,5614.66015625,4666270000
2025-03-19,S&P 500,5675.2900390625,4660090000
2025-03-20,S&P 500,5662.89013671875,4678420000
2025-03-21,S&P 500,5667.56005859375,9367460000
2025-03-24,S&P 500,5767.56982421875,4517990000
2025-03-25,S&P 500,5776.64990234375,4467340000
2025-03-26,S&P 500,5712.2001953125,4183140000
2025-03-27,S&P 500,5693.31005859375,4403460000
2025-03-28,S&P 500,5580.93994140625,4513330000
2025-03-31,S&P 500,5611.85009765625,5257250000
2025-04-01,S&P 500,5633.06982421875,4434500000
2025-04-02,S&P 500,5670.97021484375,4243830000
2025-04-03,S&P 500,5396.52001953125,7210470000
2025-04-04,S&P 500,5074.080078125,8853500000
2025-04-07,S&P 500,5062.25,8691980000
2025-04-08,S&P 500,4982.77001953125,7408140000
2025-04-09,S&P 500,5456.89990234375,9489600000
2025-04-10,S&P 500,5268.0498046875,6677140000
2025-04-11,S&P 500,5363.35986328125,5602550000
2025-04-14,S&P 500,5405.97021484375,5031440000
2025-04-15,S&P 500,5396.6298828125,4317110000
2025-04-16,S&P 500,5275.7001953125,4607750000
2025-04-17,S&P 500,5282.7001953125,4714880000
2025-04-21,S&P 500,5158.2001953125,4226340000
2025-04-22,S&P 500,5287.759765625,4666950000
2025-04-23,S&P 500,5375.85986328125,5371390000
2025-04-24,S&P 500,5484.77001953125,4697710000
2025-04-25,S&P 500,5525.2099609375,4236580000
2025-04-28,S&P 500,5528.75,4257880000
2025-04-29,S&P 500,5560.830078125,4747150000
2025-04-30,S&P 500,5569.06005859375,5449490000
2025-05-01,S&P 500,5604.14013671875,4935270000
2025-05-02,S&P 500,5686.669921875,4854380000
2025-05-05,S&P 500,5650.3798828125,4358260000
2025-05-06,S&P 500,5606.91015625,4717260000
2025-05-07,S&P 500,5631.27978515625,4987440000
2025-05-08,S&P 500,5663.93994140625,5627400000
2025-05-09,S&P 500,5659.91015625,4645090000
2025-05-12,S&P 500,5844.18994140625,6014580000
2025-05-13,S&P 500,5886.5498046875,5516290000
2025-05-14,S&P 500,5892.580078125,5233450000
2025-05-15,S&P 500,5916.93017578125,4991290000
2025-05-16,S&P 500,5958.3798828125,4850850000
2025-05-19,S&P 500,5963.60009765625,4144010000
2025-05-20,S&P 500,5940.4599609375,4416850000
2025-05-21,S&P 500,5844.60986328125,5254250000
2025-05-22,S&P 500,5842.009765625,5157050000
2025-05-23,S&P 500,5802.81982421875,4662820000
2025-05-27,S&P 500,5921.5400390625,5366380000
2025-05-28,S&P 500,5888.5498046875,4665050000
2025-05-29,S&P 500,5912.169921875,4569750000
2025-05-30,S&P 500,5911.68994140625,6378540000
2025-06-02,S&P 500,5935.93994140625,4832240000
2025-06-03,S&P 500,5970.3701171875,5026680000
2025-06-04,S&P 500,5970.81005859375,4767050000
2025-06-05,S&P 500,5939.2998046875,5091850000
2025-06-06,S&P 500,6000.35986328125,4355710000
2025-06-09,S&P 500,6005.8798828125,4642360000
2025-06-10,S&P 500,6038.81005859375,4882880000
2025-06-11,S&P 500,6022.240234375,5111550000
2025-06-12,S&P 500,6045.259765625,4669500000
2025-06-13,S&P 500,5976.97021484375,5258910000
2025-06-16,S&P 500,6033.10986328125,5111710000
2025-06-17,S&P 500,5982.72021484375,4955700000
2025-06-18,S&P 500,5980.8701171875,5106470000
2025-06-20,S&P 500,5967.83984375,7451500000
2025-06-23,S&P 500,6025.169921875,5597000000
2025-06-24,S&P 500,6092.18017578125,5443690000
2025-06-25,S&P 500,6092.16015625,5171110000
2025-06-26,S&P 500,6141.02001953125,5308140000
2025-06-27,S&P 500,6173.06982421875,7889350000
2025-06-30,S&P 500,6204.9501953125,5782900000
2025-07-01,S&P 500,6198.009765625,6275310000
2025-07-02,S&P 500,6227.419921875,5645710000
2025-07-03,S&P 500,6279.35009765625,3378110000
2025-07-07,S&P 500,6229.97998046875,5236740000
2025-07-08,S&P 500,6225.52001953125,5739030000
2025-07-09,S&P 500,6263.259765625,4813340000
2025-07-10,S&P 500,6280.4599609375,5367350000
2025-07-11,S&P 500,6259.75,4656210000
2025-07-14,S&P 500,6268.56005859375,4722250000
2025-07-15,S&P 500,6243.759765625,5133670000
2025-07-16,S&P 500,6263.7001953125,5177460000
2025-07-17,S&P 500,6297.35986328125,5512290000
2025-07-18,S&P 500,6296.7900390625,5184700000
2025-07-21,S&P 500,6305.60009765625,5010840000
2025-07-22,S&P 500,6309.6201171875,5662040000
2025-07-23,S&P 500,6358.91015625,5642510000
2025-07-24,S&P 500,6363.35009765625,5282720000
2025-07-25,S&P 500,6388.64013671875,4470720000
2025-07-28,S&P 500,6389.77001953125,4565620000
2025-07-29,S&P 500,6370.85986328125,5076120000
2025-07-30,S&P 500,6362.89990234375,5375070000
2025-07-31,S&P 500,6339.39013671875,6077080000
2025-08-01,S&P 500,6238.009765625,5827150000
2025-08-04,S&P 500,6329.93994140625,4842580000
2025-08-05,S&P 500,6299.18994140625,5517410000
2025-08-06,S&P 500,6345.06005859375,5408560000
2025-08-07,S&P 500,6340.0,5306090000
2025-08-08,S&P 500,6389.4501953125,4769910000
2025-08-11,S&P 500,6373.4501953125,4652400000
2025-08-12,S&P 500,6445.759765625,5135300000
2025-08-13,S&P 500,6466.580078125,5195950000
2025-08-14,S&P 500,6468.5400390625,4462050000
2025-08-15,S&P 500,6449.7998046875,4575060000
2025-08-18,S&P 500,6449.14990234375,4162290000
2025-08-19,S&P 500,6411.3701171875,4377440000
2025-08-20,S&P 500,6395.77978515625,4470390000
2025-08-21,S&P 500,6370.169921875,4013560000
2025-08-22,S&P 500,6466.91015625,5046860000
2025-08-25,S&P 500,6439.31982421875,4059070000
2025-08-26,S&P 500,6465.93994140625,4867680000
2025-08-27,S&P 500,6481.39990234375,4143680000
2025-08-28,S&P 500,6501.85986328125,4283760000
2025-08-29,S&P 500,6460.259765625,4234840000
2025-09-02,S&P 500,6415.5400390625,4784000000
2025-09-03,S&P 500,6448.259765625,4465360000
2025-09-04,S&P 500,6502.080078125,4670770000
2025-09-05,S&P 500,6481.5,5066120000
2025-09-08,S&P 500,6495.14990234375,5211500000
2025-09-09,S&P 500,6512.60986328125,4798350000
2025-09-10,S&P 500,6532.0400390625,5253010000
2025-09-11,S&P 500,6587.47021484375,5426460000
2025-09-12,S&P 500,6584.2900390625,4641640000
2025-09-15,S&P 500,6615.27978515625,5045020000
2025-09-16,S&P 500,6606.759765625,5359510000
2025-09-17,S&P 500,6600.35009765625,5805340000
2025-09-18,S&P 500,6631.9599609375,5292400000
2025-09-19,S&P 500,6664.35986328125,9125960000
2025-09-22,S&P 500,6693.75,5642620000
2025-09-23,S&P 500,6656.919921875,5633620000
2025-09-24,S&P 500,6637.97021484375,5459180000
2025-09-25,S&P 500,6604.72021484375,5874670000
2025-09-26,S&P 500,6643.7001953125,5103110000
2025-09-29,S&P 500,6661.2099609375,5358760000
2025-09-30,S&P 500,6688.4599609375,6057210000
2025-10-01,S&P 500,6711.2001953125,6037950000
2025-10-02,S&P 500,6715.35009765625,5416130000
2025-10-03,S&P 500,6715.7900390625,5713110000
2025-10-06,S&P 500,6740.27978515625,5604460000
2025-10-07,S&P 500,6714.58984375,5546150000
2025-10-08,S&P 500,6753.72021484375,5383130000
2025-10-09,S&P 500,6735.10986328125,5385020000
2025-10-10,S&P 500,6552.509765625,6596610000
2025-10-13,S&P 500,6654.72021484375,5303960000
2025-10-14,S&P 500,6644.31005859375,5666920000
2025-10-15,S&P 500,6671.06005859375,5633060000
2025-10-16,S&P 500,6629.06982421875,6048180000
2025-10-17,S&P 500,6664.009765625,5358120000
2025-10-20,S&P 500,6735.1298828125,4672170000
2025-10-21,S&P 500,6735.35009765625,5245020000
2025-10-22,S&P 500,6699.39990234375,5710010000
2025-10-23,S&P 500,6738.43994140625,5565750000
2025-10-24,S&P 500,6791.68994140625,5058220000
2025-10-27,S&P 500,6875.16015625,5290650000
2025-10-28,S&P 500,6890.89013671875,5695930000
2025-10-29,S&P 500,6890.58984375,6280130000
2025-10-30,S&P 500,6822.33984375,6052700000
2025-10-31,S&P 500,6840.2001953125,6398280000
2025-11-03,S&P 500,6851.97021484375,6065720000
2025-11-04,S&P 500,6771.5498046875,5739510000
2025-11-05,S&P 500,6796.2900390625,5939600000
2025-11-06,S&P 500,6720.31982421875,6051900000
2025-11-07,S&P 500,6728.7998046875,5926070000
2025-11-10,S&P 500,6832.43017578125,5366050000
2025-11-11,S&P 500,6846.60986328125,4983490000
2025-11-12,S&P 500,6850.919921875,5293610000
2025-11-13,S&P 500,6737.490234375,5473720000
2025-11-14,S&P 500,6734.10986328125,5042660000
2025-11-17,S&P 500,6672.41015625,5204220000
2025-11-18,S&P 500,6617.31982421875,5159390000
2025-11-19,S&P 500,6642.16015625,5021610000
2025-11-20,S&P 500,6538.759765625,5596080000
2025-11-21,S&P 500,6602.990234375,5929930000
2025-11-24,S&P 500,6705.1201171875,6039740000
2025-11-25,S&P 500,6765.8798828125,5003330000
2025-11-26,S&P 500,6812.60986328125,4485000000
2025-11-28,S&P 500,6849.08984375,2558540000
2025-12-01,S&P 500,6812.6298828125,4549370000
2025-12-02,S&P 500,6829.3701171875,4582290000
2025-12-03,S&P 500,6849.72021484375,4736780000
2025-12-04,S&P 500,6857.1201171875,4872440000
2025-12-05,S&P 500,6870.39990234375,4944560000
2025-12-08,S&P 500,6846.509765625,4757130000
2025-12-09,S&P 500,6840.509765625,4508050000
2025-12-10,S&P 500,6886.68017578125,5526570000
2025-12-11,S&P 500,6901.0,5021060000
2025-12-12,S&P 500,6827.41015625,4910160000
2025-12-15,S&P 500,6816.509765625,4975600000
2025-12-16,S&P 500,6800.259765625,4983180000
2025-12-17,S&P 500,6721.43017578125,5122120000
2025-12-18,S&P 500,6774.759765625,5101190000
2025-12-19,S&P 500,6834.5,8554470000
2025-12-22,S&P 500,6878.490234375,4465030000
2025-12-23,S&P 500,6909.7900390625,3820560000
2025-12-24,S&P 500,6932.0498046875,1798270000
2025-12-26,S&P 500,6929.93994140625,2586550000
2025-12-29,S&P 500,6905.740234375,3541750000
2025-12-30,S&P 500,6896.240234375,3309930000
2025-12-31,S&P 500,6845.5,3261830000
2026-01-02,S&P 500,6858.47021484375,4184120000
2026-01-05,S&P 500,6902.0498046875,5771930000
2026-01-06,S&P 500,6944.81982421875,5509680000
2026-01-07,S&P 500,6920.93017578125,5214480000
2026-01-08,S&P 500,6921.4599609375,5333200000
2026-01-09,S&P 500,6966.27978515625,5163900000
2026-01-12,S&P 500,6977.27001953125,5019040000
2026-01-13,S&P 500,6963.740234375,5091730000
2026-01-14,S&P 500,6926.60009765625,5530830000
2026-01-15,S&P 500,6944.47021484375,5114050000
2026-01-16,S&P 500,6940.009765625,5356550000
2026-01-20,S&P 500,6796.85986328125,5769500000
2026-01-21,S&P 500,6875.6201171875,5835520000
2026-01-22,S&P 500,6913.35009765625,5307580000
2026-01-23,S&P 500,6915.60986328125,4871930000
2026-01-26,S&P 500,6950.22998046875,4968050000
2026-01-27,S&P 500,6978.60009765625,5331720000
2026-01-28,S&P 500,6978.02978515625,5507670000
2026-01-29,S&P 500,6969.009765625,6877780000
2026-01-30,S&P 500,6939.02978515625,6697340000
2026-02-02,S&P 500,6976.43994140625,5772050000
2026-02-03,S&P 500,6917.81005859375,7017660000
2026-02-04,S&P 500,6882.72021484375,7475750000
2026-02-05,S&P 500,6798.39990234375,6989120000
2026-02-06,S&P 500,6932.2998046875,6283680000
2026-02-09,S&P 500,6964.81982421875,5650260000
2026-02-10,S&P 500,6941.81005859375,5595950000
2026-02-11,S&P 500,6941.47021484375,6175510000
2026-02-12,S&P 500,6832.759765625,7118700000
2026-02-13,S&P 500,6836.169921875,5718360000
2026-02-17,S&P 500,6843.22021484375,5418480000
2026-02-18,S&P 500,6881.31005859375,5098160000
2026-02-19,S&P 500,6861.89013671875,5151690000
2026-02-20,S&P 500,6909.509765625,5432480000
2026-02-23,S&P 500,6837.75,5638350000
2026-02-24,S&P 500,6890.06982421875,5266090000
2026-02-25,S&P 500,6946.1298828125,5328060000
2026-02-26,S&P 500,6908.85986328125,5889550000
2026-02-27,S&P 500,6878.8798828125,6665660000
2026-03-02,S&P 500,6881.6201171875,6079080000
2026-03-03,S&P 500,6816.6298828125,6442080000
2026-03-04,S&P 500,6858.85986328125,932159823
2025-03-05,Tadawul All Share Index (Saudi),11898.8603515625,215237600
2025-03-06,Tadawul All Share Index (Saudi),11811.1103515625,256318700
2025-03-09,Tadawul All Share Index (Saudi),11836.51953125,189146700
2025-03-10,Tadawul All Share Index (Saudi),11745.6298828125,259442300
2025-03-11,Tadawul All Share Index (Saudi),11717.9599609375,399470800
2025-03-12,Tadawul All Share Index (Saudi),11704.9296875,334539400
2025-03-13,Tadawul All Share Index (Saudi),11725.8798828125,270505400
2025-03-16,Tadawul All Share Index (Saudi),11853.7802734375,213782400
2025-03-17,Tadawul All Share Index (Saudi),11883.0400390625,236425300
2025-03-18,Tadawul All Share Index (Saudi),11792.400390625,261089800
2025-03-19,Tadawul All Share Index (Saudi),11709.4296875,201553200
2025-03-20,Tadawul All Share Index (Saudi),11760.3203125,229083700
2025-03-23,Tadawul All Share Index (Saudi),11694.76953125,142478400
2025-03-24,Tadawul All Share Index (Saudi),11778.080078125,174581900
2025-03-25,Tadawul All Share Index (Saudi),11706.2099609375,264228400
2025-03-26,Tadawul All Share Index (Saudi),11970.1904296875,290188500
2025-03-27,Tadawul All Share Index (Saudi),12025.0498046875,251281200
2025-04-03,Tadawul All Share Index (Saudi),11882.650390625,280467800
2025-04-06,Tadawul All Share Index (Saudi),11077.1904296875,450173900
2025-04-07,Tadawul All Share Index (Saudi),11194.01953125,587921400
2025-04-08,Tadawul All Share Index (Saudi),11302.759765625,495716700
2025-04-09,Tadawul All Share Index (Saudi),11096.650390625,353145300
2025-04-10,Tadawul All Share Index (Saudi),11502.5400390625,429469900
2025-04-13,Tadawul All Share Index (Saudi),11592.51953125,276816800
2025-04-14,Tadawul All Share Index (Saudi),11597.349609375,399254000
2025-04-15,Tadawul All Share Index (Saudi),11616.8095703125,340587500
2025-04-16,Tadawul All Share Index (Saudi),11634.419921875,342024600
2025-04-17,Tadawul All Share Index (Saudi),11552.98046875,290054400
2025-04-20,Tadawul All Share Index (Saudi),11626.599609375,187027300
2025-04-21,Tadawul All Share Index (Saudi),11548.66015625,167905700
2025-04-22,Tadawul All Share Index (Saudi),11586.400390625,230197200
2025-04-23,Tadawul All Share Index (Saudi),11681.1103515625,294549200
2025-04-24,Tadawul All Share Index (Saudi),11764.3896484375,398034900
2025-04-27,Tadawul All Share Index (Saudi),11756.2099609375,297942600
2025-04-28,Tadawul All Share Index (Saudi),11784.6298828125,382675300
2025-04-29,Tadawul All Share Index (Saudi),11746.2001953125,333762200
2025-04-30,Tadawul All Share Index (Saudi),11671.580078125,298353300
2025-05-01,Tadawul All Share Index (Saudi),11543.669921875,242922900
2025-05-04,Tadawul All Share Index (Saudi),11411.5,193175900
2025-05-05,Tadawul All Share Index (Saudi),11422.9501953125,263471500
2025-05-06,Tadawul All Share Index (Saudi),11434.080078125,221639100
2025-05-07,Tadawul All Share Index (Saudi),11398.740234375,211692000
2025-05-08,Tadawul All Share Index (Saudi),11364.1103515625,199823100
2025-05-11,Tadawul All Share Index (Saudi),11346.58984375,159361500
2025-05-12,Tadawul All Share Index (Saudi),11488.599609375,315239300
2025-05-13,Tadawul All Share Index (Saudi),11532.26953125,235716200
2025-05-14,Tadawul All Share Index (Saudi),11532.0,272059100
2025-05-15,Tadawul All Share Index (Saudi),11485.0498046875,234705100
2025-05-18,Tadawul All Share Index (Saudi),11438.9404296875,158115400
2025-05-19,Tadawul All Share Index (Saudi),11405.2802734375,240125700
2025-05-20,Tadawul All Share Index (Saudi),11438.1796875,196387800
2025-05-21,Tadawul All Share Index (Saudi),11303.6796875,182187900
2025-05-22,Tadawul All Share Index (Saudi),11188.740234375,201943700
2025-05-25,Tadawul All Share Index (Saudi),10999.7802734375,144133400
2025-05-26,Tadawul All Share Index (Saudi),11075.9599609375,202022500
2025-05-27,Tadawul All Share Index (Saudi),10925.1796875,209222300
2025-05-28,Tadawul All Share Index (Saudi),11052.759765625,174264000
2025-05-29,Tadawul All Share Index (Saudi),10990.41015625,338830900
2025-06-01,Tadawul All Share Index (Saudi),10825.26953125,151080900
2025-06-02,Tadawul All Share Index (Saudi),10850.08984375,174314300
2025-06-03,Tadawul All Share Index (Saudi),10832.4296875,169974900
2025-06-04,Tadawul All Share Index (Saudi),11004.5302734375,183271400
2025-06-11,Tadawul All Share Index (Saudi),11005.01953125,245520500
2025-06-12,Tadawul All Share Index (Saudi),10840.9404296875,256199700
2025-06-15,Tadawul All Share Index (Saudi),10731.58984375,292227100
2025-06-16,Tadawul All Share Index (Saudi),10867.0400390625,260487400
2025-06-17,Tadawul All Share Index (Saudi),10713.8203125,250800600
2025-06-18,Tadawul All Share Index (Saudi),10591.1298828125,229932000
2025-06-19,Tadawul All Share Index (Saudi),10610.7099609375,265568600
2025-06-22,Tadawul All Share Index (Saudi),10574.26953125,233620300
2025-06-23,Tadawul All Share Index (Saudi),10710.240234375,229458200
2025-06-24,Tadawul All Share Index (Saudi),10964.2802734375,435531400
2025-06-25,Tadawul All Share Index (Saudi),10973.98046875,292443600
2025-06-26,Tadawul All Share Index (Saudi),11068.26953125,311029800
2025-06-29,Tadawul All Share Index (Saudi),11202.6396484375,250463300
2025-06-30,Tadawul All Share Index (Saudi),11163.9599609375,300744100
2025-07-01,Tadawul All Share Index (Saudi),11121.599609375,292537600
2025-07-02,Tadawul All Share Index (Saudi),11129.6396484375,330320400
2025-07-03,Tadawul All Share Index (Saudi),11244.4501953125,310463500
2025-07-06,Tadawul All Share Index (Saudi),11315.73046875,215378300
2025-07-07,Tadawul All Share Index (Saudi),11345.4599609375,415214900
2025-07-08,Tadawul All Share Index (Saudi),11294.0703125,466698000
2025-07-09,Tadawul All Share Index (Saudi),11277.73046875,347341400
2025-07-10,Tadawul All Share Index (Saudi),11276.91015625,290622400
2025-07-14,Tadawul All Share Index (Saudi),11213.58984375,238488100
2025-07-15,Tadawul All Share Index (Saudi),11095.41015625,273450400
2025-07-16,Tadawul All Share Index (Saudi),11038.740234375,217448900
2025-07-17,Tadawul All Share Index (Saudi),11006.98046875,255763300
2025-07-20,Tadawul All Share Index (Saudi),10964.7099609375,324411800
2025-07-21,Tadawul All Share Index (Saudi),10981.169921875,355524200
2025-07-22,Tadawul All Share Index (Saudi),10843.2001953125,515698500
2025-07-23,Tadawul All Share Index (Saudi),10983.9296875,564785400
2025-07-24,Tadawul All Share Index (Saudi),10945.7998046875,535589100
2025-07-27,Tadawul All Share Index (Saudi),10956.2197265625,447003300
2025-07-28,Tadawul All Share Index (Saudi),10885.3203125,546781900
2025-07-29,Tadawul All Share Index (Saudi),10823.91015625,302333200
2025-07-30,Tadawul All Share Index (Saudi),10914.3798828125,677611200
2025-07-31,Tadawul All Share Index (Saudi),10920.26953125,417319400
2025-08-03,Tadawul All Share Index (Saudi),10833.099609375,272775700
2025-08-04,Tadawul All Share Index (Saudi),10839.4501953125,446999200
2025-08-05,Tadawul All Share Index (Saudi),10921.849609375,527086500
2025-08-06,Tadawul All Share Index (Saudi),10946.740234375,357670600
2025-08-07,Tadawul All Share Index (Saudi),10930.2998046875,272457000
2025-08-10,Tadawul All Share Index (Saudi),10899.1103515625,234509200
2025-08-11,Tadawul All Share Index (Saudi),10791.6396484375,266739700
2025-08-12,Tadawul All Share Index (Saudi),10769.66015625,234471000
2025-08-13,Tadawul All Share Index (Saudi),10763.4501953125,233223500
2025-08-14,Tadawul All Share Index (Saudi),10833.58984375,242982700
2025-08-17,Tadawul All Share Index (Saudi),10897.3896484375,190654700
2025-08-18,Tadawul All Share Index (Saudi),10885.580078125,216533000
2025-08-19,Tadawul All Share Index (Saudi),10881.7099609375,256703100
2025-08-20,Tadawul All Share Index (Saudi),10878.0703125,196580700
2025-08-21,Tadawul All Share Index (Saudi),10866.830078125,288871300
2025-08-24,Tadawul All Share Index (Saudi),10904.5302734375,227676100
2025-08-25,Tadawul All Share Index (Saudi),10898.0400390625,252375800
2025-08-26,Tadawul All Share Index (Saudi),10874.740234375,380566400
2025-08-27,Tadawul All Share Index (Saudi),10808.4501953125,197807100
2025-08-28,Tadawul All Share Index (Saudi),10732.3095703125,271051600
2025-08-31,Tadawul All Share Index (Saudi),10696.8896484375,236729300
2025-09-01,Tadawul All Share Index (Saudi),10670.5595703125,208268000
2025-09-02,Tadawul All Share Index (Saudi),10667.4404296875,215939900
2025-09-03,Tadawul All Share Index (Saudi),10619.099609375,168379000
2025-09-04,Tadawul All Share Index (Saudi),10655.6103515625,153192100
2025-09-07,Tadawul All Share Index (Saudi),10593.9697265625,126567300
2025-09-08,Tadawul All Share Index (Saudi),10497.0498046875,260534600
2025-09-09,Tadawul All Share Index (Saudi),10529.169921875,253052400
2025-09-10,Tadawul All Share Index (Saudi),10498.0400390625,232136500
2025-09-11,Tadawul All Share Index (Saudi),10453.0595703125,192577000
2025-09-14,Tadawul All Share Index (Saudi),10433.98046875,153514100
2025-09-15,Tadawul All Share Index (Saudi),10427.0595703125,240140400
2025-09-16,Tadawul All Share Index (Saudi),10518.73046875,242714500
2025-09-17,Tadawul All Share Index (Saudi),10650.3896484375,234281400
2025-09-18,Tadawul All Share Index (Saudi),10780.6904296875,607398300
2025-09-21,Tadawul All Share Index (Saudi),10808.6796875,272834600
2025-09-22,Tadawul All Share Index (Saudi),10876.419921875,261248200
2025-09-24,Tadawul All Share Index (Saudi),11426.4501953125,598305200
2025-09-25,Tadawul All Share Index (Saudi),11308.1103515625,529130400
2025-09-28,Tadawul All Share Index (Saudi),11229.5400390625,255580300
2025-09-29,Tadawul All Share Index (Saudi),11434.1796875,350808900
2025-09-30,Tadawul All Share Index (Saudi),11502.9697265625,394001600
2025-10-01,Tadawul All Share Index (Saudi),11529.3603515625,356953900
2025-10-02,Tadawul All Share Index (Saudi),11495.7197265625,322136300
2025-10-06,Tadawul All Share Index (Saudi),11605.2001953125,307744600
2025-10-07,Tadawul All Share Index (Saudi),11583.23046875,305658500
2025-10-08,Tadawul All Share Index (Saudi),11559.26953125,619401100
2025-10-09,Tadawul All Share Index (Saudi),11583.3095703125,254930600
2025-10-12,Tadawul All Share Index (Saudi),11494.4501953125,233240800
2025-10-13,Tadawul All Share Index (Saudi),11591.6904296875,282845800
2025-10-14,Tadawul All Share Index (Saudi),11596.0,267946800
2025-10-15,Tadawul All Share Index (Saudi),11682.23046875,345570000
2025-10-16,Tadawul All Share Index (Saudi),11696.580078125,306930500
2025-10-19,Tadawul All Share Index (Saudi),11690.6103515625,190827800
2025-10-20,Tadawul All Share Index (Saudi),11644.5498046875,226564800
2025-10-21,Tadawul All Share Index (Saudi),11545.7998046875,232781200
2025-10-22,Tadawul All Share Index (Saudi),11585.900390625,244607100
2025-10-23,Tadawul All Share Index (Saudi),11611.6796875,226169500
2025-10-26,Tadawul All Share Index (Saudi),11593.4501953125,168741100
2025-10-27,Tadawul All Share Index (Saudi),11619.8203125,265513800
2025-10-28,Tadawul All Share Index (Saudi),11674.0595703125,257542500
2025-10-29,Tadawul All Share Index (Saudi),11752.080078125,198384500
2025-10-30,Tadawul All Share Index (Saudi),11655.849609375,314117000
2025-11-02,Tadawul All Share Index (Saudi),11536.2900390625,259924900
2025-11-03,Tadawul All Share Index (Saudi),11483.5703125,308610600
2025-11-04,Tadawul All Share Index (Saudi),11398.2900390625,289500200
2025-11-05,Tadawul All Share Index (Saudi),11256.740234375,261705700
2025-11-06,Tadawul All Share Index (Saudi),11302.349609375,220756500
2025-11-09,Tadawul All Share Index (Saudi),11244.3603515625,158254900
2025-11-10,Tadawul All Share Index (Saudi),11243.7998046875,197457600
2025-11-11,Tadawul All Share Index (Saudi),11270.4501953125,187571600
2025-11-12,Tadawul All Share Index (Saudi),11254.8798828125,201593300
2025-11-13,Tadawul All Share Index (Saudi),11177.66015625,165801700
2025-11-17,Tadawul All Share Index (Saudi),11051.1298828125,185784400
2025-11-18,Tadawul All Share Index (Saudi),11098.7998046875,215968600
2025-11-19,Tadawul All Share Index (Saudi),10998.669921875,176600100
2025-11-20,Tadawul All Share Index (Saudi),11010.6298828125,132231700
2025-11-23,Tadawul All Share Index (Saudi),11010.8095703125,97131600
2025-11-24,Tadawul All Share Index (Saudi),10851.759765625,236208400
2025-11-25,Tadawul All Share Index (Saudi),10686.6201171875,183619900
2025-11-26,Tadawul All Share Index (Saudi),10635.3798828125,276280400
2025-11-27,Tadawul All Share Index (Saudi),10640.650390625,138056000
2025-11-30,Tadawul All Share Index (Saudi),10590.8798828125,129105500
2025-12-01,Tadawul All Share Index (Saudi),10543.0,162673000
2025-12-02,Tadawul All Share Index (Saudi),10536.2802734375,179223200
2025-12-03,Tadawul All Share Index (Saudi),10574.7900390625,170416500
2025-12-04,Tadawul All Share Index (Saudi),10626.150390625,207208600
2025-12-07,Tadawul All Share Index (Saudi),10631.25,127940500
2025-12-08,Tadawul All Share Index (Saudi),10625.5,161433700
2025-12-09,Tadawul All Share Index (Saudi),10699.7900390625,174201900
2025-12-10,Tadawul All Share Index (Saudi),10726.16015625,150574700
2025-12-11,Tadawul All Share Index (Saudi),10715.98046875,159959600
2025-12-14,Tadawul All Share Index (Saudi),10588.830078125,141767400
2025-12-15,Tadawul All Share Index (Saudi),10590.169921875,151148300
2025-12-16,Tadawul All Share Index (Saudi),10452.91015625,155389500
2025-12-17,Tadawul All Share Index (Saudi),10414.0595703125,149424600
2025-12-18,Tadawul All Share Index (Saudi),10450.26953125,211231000
2025-12-21,Tadawul All Share Index (Saudi),10484.58984375,127421100
2025-12-22,Tadawul All Share Index (Saudi),10552.259765625,184597700
2025-12-23,Tadawul All Share Index (Saudi),10595.849609375,161959100
2025-12-24,Tadawul All Share Index (Saudi),10540.7197265625,123504400
2025-12-25,Tadawul All Share Index (Saudi),10526.08984375,80462300
2025-12-28,Tadawul All Share Index (Saudi),10416.650390625,136016600
2025-12-29,Tadawul All Share Index (Saudi),10489.650390625,142160800
2025-12-30,Tadawul All Share Index (Saudi),10381.509765625,164704500
2025-12-31,Tadawul All Share Index (Saudi),10490.6904296875,150486100
2026-01-01,Tadawul All Share Index (Saudi),10549.080078125,94726500
2026-01-04,Tadawul All Share Index (Saudi),10364.0302734375,170994300
2026-01-05,Tadawul All Share Index (Saudi),10325.2001953125,243297200
2026-01-06,Tadawul All Share Index (Saudi),10290.759765625,191500900
2026-01-07,Tadawul All Share Index (Saudi),10455.1396484375,280153300
2026-01-08,Tadawul All Share Index (Saudi),10473.23046875,200621700
2026-01-11,Tadawul All Share Index (Saudi),10609.759765625,189213700
2026-01-12,Tadawul All Share Index (Saudi),10745.4501953125,261695700
2026-01-13,Tadawul All Share Index (Saudi),10893.6298828125,279667300
2026-01-14,Tadawul All Share Index (Saudi),10945.150390625,373932100
2026-01-15,Tadawul All Share Index (Saudi),10818.3203125,218442000
2026-01-18,Tadawul All Share Index (Saudi),10912.1796875,180000900
2026-01-19,Tadawul All Share Index (Saudi),10917.0400390625,200208400
2026-01-20,Tadawul All Share Index (Saudi),10912.4296875,194171300
2026-01-21,Tadawul All Share Index (Saudi),10948.2802734375,234682600
2026-01-22,Tadawul All Share Index (Saudi),11133.580078125,269007500
2026-01-25,Tadawul All Share Index (Saudi),11268.48046875,214066600
2026-01-26,Tadawul All Share Index (Saudi),11270.6201171875,252133900
2026-01-27,Tadawul All Share Index (Saudi),11381.830078125,326971800
2026-01-28,Tadawul All Share Index (Saudi),11458.1103515625,280002900
2026-01-29,Tadawul All Share Index (Saudi),11382.080078125,299947600
2026-02-01,Tadawul All Share Index (Saudi),11167.48046875,208090000
2026-02-02,Tadawul All Share Index (Saudi),11321.08984375,240243700
2026-02-03,Tadawul All Share Index (Saudi),11328.51953125,220358700
2026-02-04,Tadawul All Share Index (Saudi),11341.26953125,219422300
2026-02-05,Tadawul All Share Index (Saudi),11188.73046875,239037500
2026-02-08,Tadawul All Share Index (Saudi),11216.9296875,150455000
2026-02-09,Tadawul All Share Index (Saudi),11195.4501953125,239534400
2026-02-10,Tadawul All Share Index (Saudi),11213.9697265625,303641300
2026-02-11,Tadawul All Share Index (Saudi),11167.5400390625,356345400
2026-02-12,Tadawul All Share Index (Saudi),11251.8095703125,341632300
2026-02-15,Tadawul All Share Index (Saudi),11228.6396484375,216527400
2026-02-16,Tadawul All Share Index (Saudi),11183.849609375,235320700
2026-02-17,Tadawul All Share Index (Saudi),11098.0595703125,226034600
2026-02-18,Tadawul All Share Index (Saudi),11155.4501953125,209303200
2026-02-19,Tadawul All Share Index (Saudi),10947.25,254827100
2026-02-23,Tadawul All Share Index (Saudi),10984.0595703125,245210200
2026-02-24,Tadawul All Share Index (Saudi),10906.4404296875,189124300
2026-02-25,Tadawul All Share Index (Saudi),10847.9296875,167155400
2026-02-26,Tadawul All Share Index (Saudi),10709.0400390625,271205800
2026-03-01,Tadawul All Share Index (Saudi),10475.5498046875,257034500
2026-03-02,Tadawul All Share Index (Saudi),10488.91015625,277442000
2026-03-03,Tadawul All Share Index (Saudi),10565.740234375,250704800
2026-03-04,Tadawul All Share Index (Saudi),10692.6904296875,312799011
